 SEÑA ESPERADA,HUAWEI/5001,DISTANCIA TOTAL,#INCIDENCIAS,FALSAS,SAMSUNG-B/5000,DISTANCIA TOTAL.1,#INCIDENCIAS.1,FALSAS.1,S8/5003,DISTANCIA TOTAL.2,#INCIDENCIAS.2,FALSAS.2
A,A,73260.323,8,C/S/T,A,69758.101,7,C/S/T,A,79410.343,8,E/S/T
B,B,86668.201,13,-,B,95162.925,13,-,B,87855.873,13,-
BN,BN,42848.897,4,B/F/M/MAL/O/V,BN,75838.741,11,B/MAL,BN,81009.368,11,B/MAL
C,C,95691.419,12,M,C,99741.257,12,M,C,94709.755,12,M
CME,CME,373233.038,12,O,CME,353108.924,12,O,CME,399643.668,12,O
D,D,134923.637,13,-,D,125264.623,11,O,D,139079.599,12,Z
E,E,74507.909,6,C/O/S,E,49438.448,4,O/S/SI,O,73645.085,6,C/E/S/SI
F,F,11651.344,13,-,F,1094.304,13,-,F,115201.12,13,-
G,G,90270.411,9,X/YO,G,91107.633,8,X/YO,G,89753.99,9,YO
GRA,GRA,202862.1,13,-,GRA,185015.883,13,-,GRA,200710.692,13,-
H,H,70125.365,7,K/U/Ñ,H,76006.076,8,K/N/Ñ,H,76444.163,8,K/N/Ñ
HLA,HLA,81055.063,10,B,HLA,75834.514,10,B,H,71596.349,9,B
I,I,91270.968,9,H/J/SI,I,89846.037,10,H/J/SI,I,55637.938,7,J/SI
J,J,74135.039,8,H/I,J,61227.376,8,H/I,J,61549.518,8,I/SI
K,K,69698.226,7,P,P,61810.131,6,P,P,70196.242,7,K
L,L,85451.059,8,D/G,L,94347.925,9,D/G,L,98027.081,8,D/G
M,M,35837.967,3,B/BN/C/F/MAL/O/U,M,57424.006,7,N/O/Ñ,M,57949.915,7,HLA/O/Ñ
MAL,MAL,74484.297,11,B/M,BN,27878.246,3,B/C/F/GRA/M/MAL,MAL,79175.396,11,B/MAL
N,U,52271.295,5,R/U/Ñ,U,37099.305,4,U/R/Ñ,U,53841.4,6,R/U/Ñ
NO,NO,23787.147,2,A/D/E/F/M/N/OU,N,42771.171,5,M/NO/O/X,NO,59011.528,6,M/NO
O,O,20558.496,2,A/B/BN/GRA/M/MAL/T/U,O,77058.13,12,C/S/T,O,91861.443,13,-
P,P,92931.93,9,K,P,82434.427,9,K,P,93256.054,9,K
PDN,PDN,107077.332,7,Y,PDN,91879.876,7,Y,PDN,107089.633,8,J/Y
Q,D,54307.781,3,K/L/P/Q/TU/X/YO/Z,Q,130929.7,11,TU/X,Q,137150.25,10,TU/X
R,R,83125.867,9,U,R,74697.674,9,U,Q,137150.25,10,TU/X
S,S,27283.688,4,A/SI/T,E,42807.233,5,A/S/SI,S,16204.521,4,A/E/SI/T
SI,SI,68384.298,8,H/I/J,I,82819.492,8,H/I/J,SI,67119.356,8,H/I/J
T,A,83667.102,5,E/NO/O/T/TU,T,6446.442,6,A/S/SI,T,85446.378,7,A/S/SI
TU,TU,52692.572,4,N/R/U/X/Z,TU,61913.253,5,N/R/U/X/,TU,40801.466,3,N/NO/R/U/V/X/Z
U,U,119670.984,11,R/Ñ,U,97169.859,11,R,U,122722.666,12,R
V,V,149880.593,13,-,V,134990.252,13,-,V,147219.027,13,-
W,W,121050.139,13,-,W,119875.74,13,-,W,125064.952,13,-
X,YO,56143.762,5,G/O/TU/X,X,40681.516,3,G/P/Q/TU/YO/Z,X,21725.346,6,G/Q/TU/YO
Y,Y,104518.627,8,PDN,Y,87548.649,8,PDN,Y,77305.532,7,PDN
YO,YO,166322.628,12,TU,YO,137220.826,12,TU,YO,177318.254,13,-
Z,Z,97588.035,7,D/I/K/R,Z,69043.545,5,D/I/K/NO/R/TU/YO,Z,103009.492,7,D/I/K/L/R
Ñ,U,48425.592,5,N/NO/R/Ñ,N,56923.408,7,M/NO/R/Ñ,Ñ,39484.234,7,N/NO/R/U
